chunk_index,source,size_chars,content
1,Gua_Calculation.xlsx,176,"เอกสาร: Gua_Calculation.xlsx

step: 1
description_th: บวกทุกหลักของปีเกิด (ค.ศ.)
description_en: Sum all digits of birth year (AD)
formula: digit_sum(year)
example: 1+9+6+0=16
"
2,Gua_Calculation.xlsx,151,"เอกสาร: Gua_Calculation.xlsx

step: 2
description_th: บวกจนเหลือหลักเดียว
description_en: Reduce to single digit
formula: reduce(step1)
example: 1+6=7
"
3,Gua_Calculation.xlsx,145,"เอกสาร: Gua_Calculation.xlsx

step: 3
description_th: คำนวณเลขกัว (ชาย)
description_en: Calculate Gua (Male)
formula: 11 - step2
example: 11-7=4
"
4,Gua_Calculation.xlsx,172,"เอกสาร: Gua_Calculation.xlsx

step: 4
description_th: คำนวณเลขกัว (หญิง)
description_en: Calculate Gua (Female)
formula: step2 + 4, reduce if needed
example: 7+4=11, 1+1=2
"
5,Gua_Calculation.xlsx,145,"เอกสาร: Gua_Calculation.xlsx

step: 5
description_th: กรณีได้เลข 5 (ชาย)
description_en: If result=5 (Male)
formula: replace with 2
example: 5→2
"
6,Gua_Calculation.xlsx,148,"เอกสาร: Gua_Calculation.xlsx

step: 6
description_th: กรณีได้เลข 5 (หญิง)
description_en: If result=5 (Female)
formula: replace with 8
example: 5→8
"
7,Gua_School.xlsx,382,"เอกสาร: Gua_School.xlsx

topic_th: ชื่อสำนัก/ผู้เขียน
school_1: มาโนช ประภาษานนท์
school_2: วิศิษฐ์ เตชะเกษม
school_3: บัวแก้ว ไชยหวงผา
school_4: ดำรงชัย แท่นศรีเจริญ
school_5: ศิขริน ปีตะวัน
school_6: หลี่เหลี่ยน
school_7: หลี่เหยี่ยนขุย
school_8: Gill Hale
school_9: Sarah Rossbach
school_10: Lillian Too
school_11: Evelyn Lip
school_12: Kirsten M. Lagatree
school_13: Raymond Lo
"
8,Gua_School.xlsx,189,"เอกสาร: Gua_School.xlsx

topic_id: 1.1
topic_th: พิจารณาลักษณะประโยชน์ใช้สอย
school_1: ✓
school_6: ✓
school_7: ✓
school_8: ✓
school_9: ✓
school_10: ✓
school_11: ✓
school_12: ✓
school_13: ✓
"
9,Gua_School.xlsx,179,"เอกสาร: Gua_School.xlsx

topic_id: 1.2
topic_th: เส้นทางเดินของชี่
school_1: ✓
school_6: ✓
school_7: ✓
school_8: ✓
school_9: ✓
school_10: ✓
school_11: ✓
school_12: ✓
school_13: ✓
"
10,Gua_School.xlsx,168,"เอกสาร: Gua_School.xlsx

topic_id: 1.3
topic_th: ทิศทาง
school_1: ✓
school_6: ✓
school_7: ✓
school_8: ✓
school_9: ✓
school_10: ✓
school_11: ✓
school_12: ✓
school_13: ✓
"
11,Gua_School.xlsx,205,"เอกสาร: Gua_School.xlsx

topic_id: 1.4
topic_th: ห้องรับแขก ห้องครัว ห้องนอน คือพื้นที่สำคัญ
school_1: ✓
school_6: ✓
school_7: ✓
school_8: ✓
school_9: ✓
school_10: ✓
school_11: ✓
school_12: ✓
school_13: ✓
"
12,Gua_School.xlsx,108,"เอกสาร: Gua_School.xlsx

topic_id: 1.5
topic_th: หลักเสือเขียว-มังกรขาว
school_1: ✓
school_8: ✓
school_9: ✓
"
13,Gua_School.xlsx,74,"เอกสาร: Gua_School.xlsx

topic_id: 1.6
topic_th: ทิศดาว 9 ทิศ
school_6: ✓
"
14,Gua_School.xlsx,118,"เอกสาร: Gua_School.xlsx

topic_id: 1.7
topic_th: ทิศสมพงษ์กับดวงชะตา
school_6: ✓
school_7: ✓
school_8: ✓
school_10: ✓
"
15,Gua_School.xlsx,86,"เอกสาร: Gua_School.xlsx

topic_id: 1.8
topic_th: ตามรูปปากัว
school_9: ✓
school_12: ✓
"
16,Gua_School.xlsx,79,"เอกสาร: Gua_School.xlsx

topic_id: 1.9
topic_th: ตามสถานการณ์ชีวิต
school_9: ✓
"
17,Gua_School.xlsx,76,"เอกสาร: Gua_School.xlsx

topic_id: 1.1
topic_th: ตามปากัว-หลอชู
school_6: ✓
"
18,Gua_School.xlsx,196,"เอกสาร: Gua_School.xlsx

topic_id: 2.1
topic_th: รูปร่างภายในของตัวบ้าน
school_1: ✓
school_2: ✓
school_6: ✓
school_7: ✓
school_8: ✓
school_9: ✓
school_10: ✓
school_11: ✓
school_12: ✓
school_13: ✓
"
19,Gua_School.xlsx,193,"เอกสาร: Gua_School.xlsx

topic_id: 2.2
topic_th: รูปร่างภายในของห้อง
school_1: ✓
school_2: ✓
school_6: ✓
school_7: ✓
school_8: ✓
school_9: ✓
school_10: ✓
school_11: ✓
school_12: ✓
school_13: ✓
"
20,Gua_School.xlsx,83,"เอกสาร: Gua_School.xlsx

topic_id: 2.3
topic_th: ขนาดและสัดส่วนของบ้าน
school_6: ✓
"
21,Gua_School.xlsx,231,"เอกสาร: Gua_School.xlsx

topic_id: 3.2
topic_th: ห้องนอน - การวางเตียง
school_1: ✓
school_2: ✓
school_3: ✓
school_4: ✓
school_5: ✓
school_6: ✓
school_7: ✓
school_8: ✓
school_9: ✓
school_10: ✓
school_11: ✓
school_12: ✓
school_13: ✓
"
22,Gua_School.xlsx,201,"เอกสาร: Gua_School.xlsx

topic_id: 3.2
topic_th: ห้องนอน - กระจก
school_1: ✓
school_4: ✓
school_5: ✓
school_6: ✓
school_7: ✓
school_8: ✓
school_9: ✓
school_10: ✓
school_11: ✓
school_12: ✓
school_13: ✓
"
23,Gua_School.xlsx,229,"เอกสาร: Gua_School.xlsx

topic_id: 3.2
topic_th: ห้องนอน - การจัดวางเครื่องเรือน
school_1: ✓
school_2: ✓
school_4: ✓
school_5: ✓
school_6: ✓
school_7: ✓
school_8: ✓
school_9: ✓
school_10: ✓
school_11: ✓
school_12: ✓
school_13: ✓
"
24,Directions Clean.xlsx,414,"เอกสาร: Directions Clean.xlsx

field: กลุ่มราศี
raw_text_from_pdf: บุคคลที่มีหมายเลขกัวชีวิตเป็ นหมายเลข 1,3,4 และ 9 จัดเป็ นบุคคลกลุ่มตะวันออก ซึ่งมีทิศในกลุ่มตะวันตกเป็ นทิศมงคล ได้ แก่ ทิศเหนือ ทิศใต้ ทิศตะวันออก และทิศตะวันออกเฉี ยงใต้
issue: เขียนว่า 'ทิศในกลุ่มตะวันตกเป็นทิศมงคล' แต่จริงๆ ทิศมงคลคือทิศตะวันออก (เขียนสลับ), ข้อความยาวไม่เป็นตาราง
cleaned_value: East Group: kua 1,3,4,9
auspicious: N,S,E,SE
"
25,Directions Clean.xlsx,440,"เอกสาร: Directions Clean.xlsx

field: ทิศมงคล
raw_text_from_pdf: เชิงชี่ (Sheng Chi) หมายถึง ความกรุณา การเงิน อานาจและชื่อเสียง
เทียนอี (Tien Yi) หมายถึง สุขภาพและการเกื ้อหนุน
เหยียน (Nien Ye) หมายถึง ความสัมพันธ์
ฝู่ เว่ย (Fu We) หมายถึง ความสงบ
issue: สะกดไม่สม่ำเสมอ (Nien Ye vs Nien Yen, Fu We vs Fu Wei), ใช้ 'อานาจ' แทน 'อำนาจ'
cleaned_value: G1: Sheng Chi (เชิงชี่)
G2: Tien Yi (เทียนอี)
G3: Nien Yen (เหยียน)
G4: Fu Wei (ฝู่เว่ย)
"
26,Directions Clean.xlsx,427,"เอกสาร: Directions Clean.xlsx

field: ทิศอัปมงคล
raw_text_from_pdf: ฮัว่ ไฮ่ (Ho Hai) หมายถึง การทะเลาะวิวาท
อู่ก่ยุ (Wu Kwei) หมายถึง ความหายนะ
ลิ่วซา (Lui Sha) หมายถึง ปั ญหาคดีความ
เจวิ๋ยมิ่ง (Chueh Ming) หมายถึง ปั ญหาสุขภาพ
issue: สะกดต่างกัน (Lui Sha vs Liu Sha), 'ฮั่วไฮ่' มีจุดเพี้ยน (ฮัว่), ช่องว่างใน 'ปั ญหา'
cleaned_value: B1: Ho Hai (ฮั่วไฮ่)
B2: Wu Kwei (อู่กุ่ย)
B3: Liu Sha (ลิ่วซา)
B4: Chueh Ming (เจวี๋ยมิ่ง)
"
27,Directions Clean.xlsx,377,"เอกสาร: Directions Clean.xlsx

field: Gua-Direction Map
raw_text_from_pdf: ผู้วิจยั ได้ ออกแบบการจัดเก็บข้ อมูลกัวบุคคลกลุ่มตะวันออกและกลุ่มตะวันตกลงในระบบฐานข้ อมูลตาราง Gua Life ในรูปแบบไฟล์ .CSV ประกอบด้ วยข้ อมูลออกเป็ น 3 กลุ่มหลัก
issue: ข้อมูลเป็นรูปภาพตาราง CSV (ภาพที่ 104) ไม่สามารถ copy ได้, ต้อง key ข้อมูลใหม่
cleaned_value: ดู sheet gua_directions ในไฟล์ก่อนหน้า
"
28,gua_calculation.csv,143,"เอกสาร: gua_calculation.csv

step: 1
description: บวกทุกหลักของปีเกิด (ค.ศ.)
formula: sum(digits(year))
example_input: 1960
example_output: 16
"
29,gua_calculation.csv,136,"เอกสาร: gua_calculation.csv

step: 2
description: บวกจนเหลือหลักเดียว
formula: reduce_single(step1)
example_input: 16
example_output: 7
"
30,gua_calculation.csv,124,"เอกสาร: gua_calculation.csv

step: 3a
description: ชาย: 11 - ผลลัพธ์
formula: 11 - step2
example_input: 7
example_output: 4
"
31,gua_calculation.csv,158,"เอกสาร: gua_calculation.csv

step: 3b
description: หญิง: ผลลัพธ์ + 4 (reduce ถ้า 2 หลัก)
formula: reduce_single(step2 + 4)
example_input: 7
example_output: 2
"
32,gua_calculation.csv,172,"เอกสาร: gua_calculation.csv

step: 4
description: ถ้าได้ 5 → ชายแทน 2, หญิงแทน 8
formula: if result==5: male→2, female→8
example_input: 5
example_output: male:2 / female:8
"
33,Gua Raw clean.xlsx,274,"เอกสาร: Gua Raw clean.xlsx

step: 1
raw_text_from_pdf: ขันตอนที ้ ่ 1 บวกทุกหลักของตัวเลขปี เกิดเข้ าด้ วยกัน 1+9+6+0 = 16
issue: ช่องว่างผิดปกติ (ขัน้ตอน→ขันตอนที้), ไม่ระบุว่าปี ค.ศ. หรือ พ.ศ.
cleaned_formula: digit_sum(birth_year_AD)
cleaned_example: 1960 → 1+9+6+0 = 16
"
34,Gua Raw clean.xlsx,251,"เอกสาร: Gua Raw clean.xlsx

step: 2
raw_text_from_pdf: ขันตอนที ้ ่ 2 บวกทุกตัวเลขเข้ าด้ วยกันจนกันจนกว่าจะได้ เลขหลักเดียว 1+6 = 7
issue: พิมพ์ซ้ำ 'จนกันจนกว่า', ช่องว่างผิดปกติ
cleaned_formula: reduce_to_single(step1)
cleaned_example: 16 → 1+6 = 7
"
35,Gua Raw clean.xlsx,399,"เอกสาร: Gua Raw clean.xlsx

step: 3
raw_text_from_pdf: สําหรับผู้ชาย ให้ เอาผลลัพธ์ ไปลบออกจาก 11.......11 -7 = 4
สําหรับผู้หญิง ให้ เอาผลลัพธ์มาบวก 4......7+ 4 = 11 ถ้ าผลลัพธ์เป็ นเลข 2 หลัก ให้ นํามาบวกกัน 1+1 = 2
issue: รวมชาย+หญิงในย่อหน้าเดียว, ใช้จุด(...) แทนสูตร, ไม่ชัดว่า 11 มาจากไหน
cleaned_formula: male: 11 - step2
female: step2 + 4 → reduce
cleaned_example: ชาย: 11-7=4
หญิง: 7+4=11→2
"
36,Gua Raw clean.xlsx,366,"เอกสาร: Gua Raw clean.xlsx

step: 4
raw_text_from_pdf: กัวบุคคล จะมีเลขตังแต่ ้ 1 -9 แต่ จะไม่ มีเลข 5 ดังนันจึ ้ งมีกฎเกณฑ์ว่า ถ้ ากัวบุคคลเท่ากับ 5 สําหรับผู้หญิงให้ แทนด้ วยกัวบุคคล 8 สําหรับผู้ชายให้ แทนด้ วยกัวบุคคล 2
issue: เขียนรวมในประโยคเดียวยาว, ช่องว่างผิดปกติ
cleaned_formula: if result == 5:
  male → 2
  female → 8
cleaned_example: กัว 5 ชาย→2, หญิง→8
"
37,Gua_directions.xlsx,173,"เอกสาร: Gua_directions.xlsx

kua_number: 1
group_th: ตะวันออก
group_en: East
sheng_chi: SE
tien_yi: E
nien_yen: S
fu_wei: N
ho_hai: W
wu_kwei: NE
liu_sha: NW
chueh_ming: SW
"
38,Gua_directions.xlsx,172,"เอกสาร: Gua_directions.xlsx

kua_number: 2
group_th: ตะวันตก
group_en: West
sheng_chi: NE
tien_yi: W
nien_yen: NW
fu_wei: SW
ho_hai: E
wu_kwei: SE
liu_sha: S
chueh_ming: N
"
39,Gua_directions.xlsx,173,"เอกสาร: Gua_directions.xlsx

kua_number: 3
group_th: ตะวันออก
group_en: East
sheng_chi: S
tien_yi: N
nien_yen: SE
fu_wei: E
ho_hai: SW
wu_kwei: NW
liu_sha: NE
chueh_ming: W
"
40,Gua_directions.xlsx,173,"เอกสาร: Gua_directions.xlsx

kua_number: 4
group_th: ตะวันออก
group_en: East
sheng_chi: N
tien_yi: S
nien_yen: E
fu_wei: SE
ho_hai: NW
wu_kwei: SW
liu_sha: W
chueh_ming: NE
"
41,Gua_directions.xlsx,172,"เอกสาร: Gua_directions.xlsx

kua_number: 6
group_th: ตะวันตก
group_en: West
sheng_chi: W
tien_yi: NE
nien_yen: SW
fu_wei: NW
ho_hai: SE
wu_kwei: E
liu_sha: N
chueh_ming: S
"
42,Gua_directions.xlsx,172,"เอกสาร: Gua_directions.xlsx

kua_number: 7
group_th: ตะวันตก
group_en: West
sheng_chi: NW
tien_yi: SW
nien_yen: NE
fu_wei: W
ho_hai: S
wu_kwei: N
liu_sha: SE
chueh_ming: E
"
43,Gua_directions.xlsx,172,"เอกสาร: Gua_directions.xlsx

kua_number: 8
group_th: ตะวันตก
group_en: West
sheng_chi: SW
tien_yi: NW
nien_yen: W
fu_wei: NE
ho_hai: N
wu_kwei: S
liu_sha: E
chueh_ming: SE
"
44,Gua_directions.xlsx,173,"เอกสาร: Gua_directions.xlsx

kua_number: 9
group_th: ตะวันออก
group_en: East
sheng_chi: E
tien_yi: SE
nien_yen: N
fu_wei: S
ho_hai: NE
wu_kwei: W
liu_sha: SW
chueh_ming: NW
"
45,Gua_Group_Ref.xlsx,250,"เอกสาร: Gua_Group_Ref.xlsx

kua_number: 1
group_th: ตะวันออก
group_en: East
element_th: น้ำ
element_en: Water
auspicious_1: N
auspicious_2: S
auspicious_3: E
auspicious_4: SE
inauspicious_1: W
inauspicious_2: SW
inauspicious_3: NW
inauspicious_4: NE
"
46,Gua_Group_Ref.xlsx,249,"เอกสาร: Gua_Group_Ref.xlsx

kua_number: 2
group_th: ตะวันตก
group_en: West
element_th: ดิน
element_en: Earth
auspicious_1: SW
auspicious_2: NW
auspicious_3: W
auspicious_4: NE
inauspicious_1: E
inauspicious_2: SE
inauspicious_3: S
inauspicious_4: N
"
47,Gua_Group_Ref.xlsx,249,"เอกสาร: Gua_Group_Ref.xlsx

kua_number: 3
group_th: ตะวันออก
group_en: East
element_th: ไม้
element_en: Wood
auspicious_1: E
auspicious_2: SE
auspicious_3: N
auspicious_4: S
inauspicious_1: W
inauspicious_2: NW
inauspicious_3: SW
inauspicious_4: NE
"
48,Gua_Group_Ref.xlsx,249,"เอกสาร: Gua_Group_Ref.xlsx

kua_number: 4
group_th: ตะวันออก
group_en: East
element_th: ไม้
element_en: Wood
auspicious_1: SE
auspicious_2: E
auspicious_3: S
auspicious_4: N
inauspicious_1: NE
inauspicious_2: W
inauspicious_3: NW
inauspicious_4: SW
"
49,Gua_Group_Ref.xlsx,249,"เอกสาร: Gua_Group_Ref.xlsx

kua_number: 6
group_th: ตะวันตก
group_en: West
element_th: ทอง
element_en: Metal
auspicious_1: W
auspicious_2: NE
auspicious_3: NW
auspicious_4: SW
inauspicious_1: SE
inauspicious_2: E
inauspicious_3: N
inauspicious_4: S
"
50,Gua_Group_Ref.xlsx,249,"เอกสาร: Gua_Group_Ref.xlsx

kua_number: 7
group_th: ตะวันตก
group_en: West
element_th: ทอง
element_en: Metal
auspicious_1: NW
auspicious_2: SW
auspicious_3: NE
auspicious_4: W
inauspicious_1: S
inauspicious_2: N
inauspicious_3: SE
inauspicious_4: E
"
51,Gua_Group_Ref.xlsx,249,"เอกสาร: Gua_Group_Ref.xlsx

kua_number: 8
group_th: ตะวันตก
group_en: West
element_th: ดิน
element_en: Earth
auspicious_1: SW
auspicious_2: NW
auspicious_3: W
auspicious_4: NE
inauspicious_1: N
inauspicious_2: S
inauspicious_3: E
inauspicious_4: SE
"
52,Gua_Group_Ref.xlsx,248,"เอกสาร: Gua_Group_Ref.xlsx

kua_number: 9
group_th: ตะวันออก
group_en: East
element_th: ไฟ
element_en: Fire
auspicious_1: S
auspicious_2: N
auspicious_3: SE
auspicious_4: E
inauspicious_1: NW
inauspicious_2: SW
inauspicious_3: NE
inauspicious_4: W
"
53,fengshui_analysis_report.md,454,"เอกสาร: fengshui_analysis_report.md

# รายงาน: กฎฮวงจุ้ยสำหรับการตกแต่งภายใน และ Structured Data สำหรับ RAG

**แหล่งที่มา:** วิทยานิพนธ์ปริญญาโท ""ระบบวิเคราะห์แบบร่างสถาปัตยกรรมภายในตามหลักฮวงจุ้ย""  
**ผู้เขียน:** ศศิภา พูลบูลย์, มหาวิทยาลัยศิลปากร, พ.ศ. 2556  
**ระเบียบวิธี:** ศึกษาฮวงจุ้ย 13 สำนัก (ไทย 5 + ต่างประเทศ 8)

---

## ส่วนที่ 1: กฎที่ใช้ในการแต่งห้องตามหลักฮวงจุ้ย

เอกสารแบ่งกฎออกเป็น **4 หมวดหลัก**:

---

### หมวด A: การจัดวาง (Layout)
"
54,fengshui_analysis_report.md,863,"เอกสาร: fengshui_analysis_report.md

---

## ส่วนที่ 1: กฎที่ใช้ในการแต่งห้องตามหลักฮวงจุ้ย

เอกสารแบ่งกฎออกเป็น **4 หมวดหลัก**:

---

### หมวด A: การจัดวาง (Layout)

| กฎ | สาระสำคัญ | ผลกระทบ |
|----|-----------|---------|
| ทิศทางธรรมชาติ | ทิศดี: ตะวันออก, ตะวันออกเฉียงใต้, ใต้, ตะวันตกเฉียงใต้ | รับแสงแดดพอเหมาะ อุณหภูมิสบาย |
| เส้นทางเดินของชี่ | ประตูหน้า-หลังห้ามตรงกัน, เส้นทางไม่ควรตรง | การไหลเวียนอากาศ สุขภาพ |
| หลักเสือขาว-มังกรเขียว | ซ้าย = มังกรเขียว (เคลื่อนไหว), ขวา = เสือขาว (สงบ) | สมดุลพลังงานหยิน-หยาง |
| ยันต์ปากัว | แบ่งบ้านเป็น 8 ทิศ แต่ละทิศแทนสมาชิกครอบครัว | ตำแหน่งห้องที่เหมาะกับผู้อยู่อาศัย |
| ทิศดาว 9 ยุค | ทิศมงคลเปลี่ยนตามยุค (ยุค 8: NE, ยุค 9: S) | ทิศที่เสริมพลังชีวิตในปัจจุบัน |
| กัวบุคคล (Kua Number) | คำนวณจากปีเกิด + เพศ → ทิศดี 4 + ทิศร้าย 4 | ตำแหน่งเฟอร์นิเจอร์เฉพาะบุคคล |

---

### หมวด B: รูปร่าง (Shape)
"
55,fengshui_analysis_report.md,895,"เอกสาร: fengshui_analysis_report.md

---

### หมวด B: รูปร่าง (Shape)

| กฎ | รูปทรงที่ดี | รูปทรงห้าม |
|----|------------|-----------|
| ตัวบ้าน | สี่เหลี่ยมผืนผ้า (1:3), สี่เหลี่ยมจัตุรัส | สามเหลี่ยม, กากบาท |
| ภายในห้อง | สี่เหลี่ยมจัตุรัส, สี่เหลี่ยมผืนผ้า | สามเหลี่ยม, ตัวแอล, วงกลม |
| สัดส่วน | หน้ากว้าง:ความลึก = 1:3 หรือ 1:4 (""บ้านเจ้าสัว"") | กว้าง > ยาว (""บ้านจับกัง"" ยิ่งอยู่ยิ่งจน) |
| ความสูง 2 ชั้น | ชั้นล่าง ≥ ชั้นบน, ความสูงมาตรฐาน ≥ 2.40m | ชั้นบนสูงกว่าชั้นล่าง (ลูกไม่เคารพพ่อแม่) |

---

### หมวด C: ห้องต่างๆ และการจัดวางเครื่องเรือน

#### ห้องนอน
- **ตำแหน่ง:** มุมบ้านด้านสงบ, ห้องนอนใหญ่ **ห้ามอยู่ทิศตะวันตก** (แสงบ่ายร้อน)
- **เตียง:** ห้ามตรงกับประตู / หน้าต่าง / ทีวี / แอร์ / ห้ามวางใต้คาน
- **หัวนอน:** ควรอยู่ทิศมงคลตามกัวบุคคล

#### ห้องครัว
- **ตำแหน่ง:** ทิศตะวันตกเฉียงใต้ (ทิศแม่ตามปากัว)
- **เตาไฟ:** ห้ามตรงกับประตูหรือหน้าต่าง, วางในทิศอัปมงคลตามกัว
"
56,fengshui_analysis_report.md,980,"เอกสาร: fengshui_analysis_report.md

#### ห้องครัว
- **ตำแหน่ง:** ทิศตะวันตกเฉียงใต้ (ทิศแม่ตามปากัว)
- **เตาไฟ:** ห้ามตรงกับประตูหรือหน้าต่าง, วางในทิศอัปมงคลตามกัว

#### ห้องน้ำ
- **ห้ามอยู่ใน** ห้องนอน (ต้องมีห้องแต่งตัวคั่น)
- **ห้ามตรงกับ** ห้องนอนชั้นล่าง (กรณีบ้าน 2 ชั้น)
- โถส้วม: วางในทิศอัปมงคลตามกัว

#### ทางเข้า / โถงบ้าน
- ทางเดินควร **โค้งเล็กน้อย** (ทางตรงเหมือนลูกศรพิษ)
- โถงต้อง **กว้างและสว่าง**
- ระเบียงหน้าบ้าน: กว้างไม่เกิน **1.9 เมตร**

#### ที่จอดรถ
- **ควรแยกจากตัวบ้าน** (ควันไอเสียเป็นอันตราย)
- ห้องที่ตรงกับโรงรถ **ไม่ควรเป็นห้องนอน**

---

### หมวด D: องค์ประกอบโครงสร้าง

**สิ่งที่ห้ามตรงกัน (Forbidden Alignments):**
| คู่ที่ห้ามตรงกัน |
|----------------|
| เตียงนอน — ประตู |
| เตียงนอน — หน้าต่าง |
| เตียงนอน — ทีวี |
| เตียงนอน — แอร์ |
| เตาไฟ — ประตู |
| เตาไฟ — หน้าต่าง |
| โถส้วม — ประตู |
| ประตู — หน้าต่าง |
| ประตู — ประตู (ในแนวเดียวกัน) |
| ห้องน้ำชั้นบน — ห้องนอนชั้นล่าง |

---

## ส่วนที่ 2: Structured Data (JSON สำหรับ RAG)
"
57,fengshui_analysis_report.md,834,"เอกสาร: fengshui_analysis_report.md

---

## ส่วนที่ 2: Structured Data (JSON สำหรับ RAG)

ไฟล์ `fengshui_rules.json` ที่สร้างขึ้นมี structure ดังนี้:

```
fengshui_rules.json
├── metadata (แหล่งที่มา, ผู้แต่ง, ปี)
├── categories[]
│   ├── layout (กฎการจัดวาง - 10 กฎหลัก)
│   │   ├── L1: ประโยชน์ใช้สอย
│   │   ├── L2: เส้นทางชี่
│   │   ├── L3: ทิศทางธรรมชาติ
│   │   ├── L4: ห้องสำคัญ 3 ห้อง
│   │   ├── L5: เสือขาว-มังกรเขียว
│   │   ├── L6: ทิศดาว 9 ยุค (ตาราง)
│   │   ├── L7: ทิศสมพงษ์ (ตารางปีเกิด 12 นักษัตร)
│   │   ├── L8: ยันต์ปากัว (mapping ทิศ→สมาชิก→ห้อง)
│   │   ├── L9: วิถีสถานการณ์ชีวิต 8 ด้าน
│   │   └── L10: กัวบุคคล (Kua Number + สูตรคำนวณ)
│   ├── shape (กฎรูปร่าง - 4 กฎ)
│   ├── rooms (กฎห้องต่างๆ - 8 ห้อง)
│   └── structural (องค์ประกอบโครงสร้าง - 8 กฎ)
└── rag_quick_reference (สรุปสำหรับ RAG lookup)
```
"
58,fengshui_analysis_report.md,328,"เอกสาร: fengshui_analysis_report.md

**จุดเด่นสำหรับ RAG:**
- แต่ละกฎมี `id` สำหรับอ้างอิง
- มี `reasons` อธิบายเหตุผลทางกายภาพ (ไม่ใช่แค่ความเชื่อ)
- มี `data_needed` บอกว่าต้องใช้ข้อมูลอะไรในการวิเคราะห์
- `rag_quick_reference` เหมาะสำหรับ fast lookup

---

## ส่วนที่ 3: แหล่งอ้างอิงในเอกสาร

### อ้างอิงออนไลน์ที่พบในเอกสาร
"
59,fengshui_analysis_report.md,920,"เอกสาร: fengshui_analysis_report.md

---

## ส่วนที่ 3: แหล่งอ้างอิงในเอกสาร

### อ้างอิงออนไลน์ที่พบในเอกสาร

| ลิงก์ที่อ้างถึง | สถานะ/หมายเหตุ |
|----------------|---------------|
| http://www.e-fengshuidesign.com/fengshuihis2.html | เว็บฮวงจุ้ยไทย (อ้างถึงประวัติ) |
| http://www.oknation.net/blog/... | บล็อกไทยเกี่ยวกับฮวงจุ้ย |
| http://www.fenghuithatworks.co.uk | Chinese astrology and feng shui |
| http://www.fenghuitime.com | The use of mirrors in classical feng shui |
| http://www.designare.com | Introduction to feng shui |
| http://www.jurock.com | Developer ignore feng shui at their peril |
| http://www.1fengshui.com | Feng shui success stories |
| https://developers.google.com/sketchup | SketchUp Ruby API (เครื่องมือพัฒนาโปรแกรม) |
| http://sketchup.google.com/support | SketchUp system requirements |

> ⚠️ **หมายเหตุ:** เว็บเหล่านี้ถูกอ้างถึงในปี พ.ศ. 2555-2556 บางเว็บอาจไม่มีอยู่แล้วในปัจจุบัน
"
60,fengshui_analysis_report.md,558,"เอกสาร: fengshui_analysis_report.md

> ⚠️ **หมายเหตุ:** เว็บเหล่านี้ถูกอ้างถึงในปี พ.ศ. 2555-2556 บางเว็บอาจไม่มีอยู่แล้วในปัจจุบัน

### แหล่งอ้างอิงหลักฐานภาษาไทย (หนังสือ)
- หลี่เหลียนและคณะ, **ฮวงจุ้ยฉบับสมบูรณ์** (6 เล่ม) - สำนักพิมพ์โมเดิร์นไลฟ์, 2536
- มาโนช ประภาษานนท์, **ไขปริศนาฮวงจุ้ยตามหลักเหตุและผล** - มติชน, 2553
- มาโนช ประภาษานนท์, **เคล็ดลับการตกแต่งภายในตามหลักฮวงจุ้ย** - มติชน, 2539
- ดำรงชัย แท่นศรีเจริญ, **เคล็ดปลูกบ้านถูกหลักฮวงจุ้ย** - ผู้จัดการ, 2539
- ซาราห์ โรสส์บาซ, **ฮวงจุ้ย: ศาสตร์และศิลป์แห่งการตกแต่งบ้าน** - ดอกหญ้า, 2536
"
61,fengshui_analysis_report.md,939,"เอกสาร: fengshui_analysis_report.md

### แหล่งอ้างอิงภาษาอังกฤษ (หนังสือ)
- Sarah Rossbach, **Interior Design with Feng Shui** - London: Rider, 1987
- Lillian Too, **The Complete Illustrated Guide to Feng Shui for Home** - Element Book, 1997
- Kirsten M. Lagatree, **Feng Shui: Arranging your Home to Change your Life** - Dublin: New Leaf, 1996
- Evelyn Lip, **Feng Shui for Business** - Singapore: Times Editions, 1987
- Evelyn Lip, **Feng Shui for Home** - Singapore: Times Editions
- Michael Y. Mak & S. Thomas Ng, **""The art and science of Feng Shui – a study on architects' perception""** - University of Newcastle/University of Hong Kong, 2005

---

## สรุปสำหรับการใช้กับ RAG

**ข้อมูลที่เหมาะสำหรับ RAG ที่สุด:**
1. กฎการจัดวางเฟอร์นิเจอร์ (ห้ามตรงกัน 9 คู่) → **rule-based, binary**
2. การ mapping ทิศ → ห้อง ตามปากัว → **lookup table**
3. ตารางกัวบุคคลตามปีเกิด → **calculation + table**
4. รูปทรงที่ดี/ไม่ดี → **classification**
"
62,fengshui_analysis_report.md,204,"เอกสาร: fengshui_analysis_report.md

**สิ่งที่ควรเพิ่มเติมใน RAG:**
- ตารางกัวบุคคลฉบับสมบูรณ์ (เลขกัว 1-9 → ทิศมงคล 4 ทิศ + ทิศอัปมงคล 4 ทิศ)
- ตารางสีตามกัวบุคคล (กล่าวถึงในเอกสารแต่ไม่มีรายละเอียดครบ)
"
63,Direction_meanings.xlsx,157,"เอกสาร: Direction_meanings.xlsx

type: มงคล
code: G1
name_th: เชิงชี่
name_en: Sheng Chi
meaning_th: การเงิน อำนาจ ชื่อเสียง
meaning_en: Wealth, Power, Fame
"
64,Direction_meanings.xlsx,147,"เอกสาร: Direction_meanings.xlsx

type: มงคล
code: G2
name_th: เทียนอี
name_en: Tien Yi
meaning_th: สุขภาพ การเกื้อหนุน
meaning_en: Health, Support
"
65,Direction_meanings.xlsx,164,"เอกสาร: Direction_meanings.xlsx

type: มงคล
code: G3
name_th: เหยียน
name_en: Nien Yen
meaning_th: ความสัมพันธ์ การสื่อสาร
meaning_en: Relationships, Communication
"
66,Direction_meanings.xlsx,135,"เอกสาร: Direction_meanings.xlsx

type: มงคล
code: G4
name_th: ฝู่เว่ย
name_en: Fu Wei
meaning_th: ความสงบ
meaning_en: Stability, Peace
"
67,Direction_meanings.xlsx,144,"เอกสาร: Direction_meanings.xlsx

type: อัปมงคล
code: B1
name_th: ฮั่วไฮ่
name_en: Ho Hai
meaning_th: ทะเลาะวิวาท
meaning_en: Quarrels, Disputes
"
68,Direction_meanings.xlsx,166,"เอกสาร: Direction_meanings.xlsx

type: อัปมงคล
code: B2
name_th: อู่กุ่ย
name_en: Wu Kwei
meaning_th: เคราะห์ร้ายการเงิน หลอกลวง
meaning_en: Financial Loss, Betrayal
"
69,Direction_meanings.xlsx,136,"เอกสาร: Direction_meanings.xlsx

type: อัปมงคล
code: B3
name_th: ลิ่วซา
name_en: Liu Sha
meaning_th: คดีความ
meaning_en: Legal Problems
"
70,Direction_meanings.xlsx,148,"เอกสาร: Direction_meanings.xlsx

type: อัปมงคล
code: B4
name_th: เจวี๋ยมิ่ง
name_en: Chueh Ming
meaning_th: ปัญหาสุขภาพ
meaning_en: Health Problems
"
71,Data Prep Sum.xlsx,224,"เอกสาร: Data Prep Sum.xlsx

step: 1
process: PDF Text Extraction
description: แปลง PDF วิทยานิพนธ์ 320+ หน้า เป็นข้อความ
input: fulltext.pdf
output: raw text
example_issue: ช่องว่างผิดปกติ, ตารางเสียรูป, เลขอ้างอิงปนเนื้อหา
"
72,Data Prep Sum.xlsx,266,"เอกสาร: Data Prep Sum.xlsx

step: 2
process: Content Filtering
description: กรองเฉพาะบทที่เกี่ยวข้อง (บทที่ 2-3) จาก 320+ หน้า เหลือเฉพาะห้องนอน
input: raw text ทั้งหมด
output: text เฉพาะห้องนอน
example_issue: ศศิภาครอบคลุมทุกห้อง (ครัว/น้ำ/รับแขก) เราใช้แค่ห้องนอน
"
73,Data Prep Sum.xlsx,252,"เอกสาร: Data Prep Sum.xlsx

step: 3
process: Rule Extraction & Dedup
description: สกัดกฎจากหลายตาราง (ตาราง 13, 18, 19) รวมกฎซ้ำ แยกกฎที่ปนกัน
input: ข้อความกฎดิบ
output: กฎ 10 ข้อ ไม่ซ้ำ
example_issue: กฎกระจก+ทีวี อยู่ย่อหน้าเดียว → แยก/รวมเป็นข้อ 3
"
74,Data Prep Sum.xlsx,253,"เอกสาร: Data Prep Sum.xlsx

step: 4
process: Formula Standardization
description: แปลงสูตรคำนวณกัวจากภาษาธรรมชาติเป็นสูตรที่โปรแกรมใช้ได้
input: ข้อความอธิบายขั้นตอน
output: สูตร + lookup table
example_issue: ใช้จุด(...) แทนลูกศร, รวมชาย/หญิงไว้ด้วยกัน
"
75,Data Prep Sum.xlsx,226,"เอกสาร: Data Prep Sum.xlsx

step: 5
process: Terminology Normalization
description: ทำให้การสะกดคำเฉพาะทางสม่ำเสมอ
input: คำสะกดหลายแบบ
output: คำสะกดมาตรฐานเดียว
example_issue: Nien Ye/Nien Yen, Lui Sha/Liu Sha, Fu We/Fu Wei
"
76,Data Prep Sum.xlsx,235,"เอกสาร: Data Prep Sum.xlsx

step: 6
process: Scope Reduction
description: ตัดกฎที่ใช้ไม่ได้ในขอบเขตห้องเดี่ยว
input: กฎทั้งหมด (บ้านทั้งหลัง)
output: กฎ 10 ข้อ (ห้องเดี่ยว)
example_issue: ตัดกัวบ้าน, ตัดกฎข้ามห้อง (ห้องนอน-ครัว-บันได)
"
77,Data Prep Sum.xlsx,221,"เอกสาร: Data Prep Sum.xlsx

step: 7
process: Structuring
description: จัดข้อมูลให้เป็นตาราง พร้อม field ที่ชัดเจน
input: text + กฎ + สูตร
output: Excel 6 sheets
example_issue: เพิ่ม category, furniture, check_type, scope
"
78,fengshui_rules_1.json,1024,"เอกสาร: fengshui_rules_1.json

{
  ""metadata"": {
    ""title"": ""ข้อกำหนดฮวงจุ้ยสำหรับการตกแต่งภายใน"",
    ""source"": ""วิทยานิพนธ์: ระบบวิเคราะห์แบบร่างสถาปัตยกรรมภายในตามหลักฮวงจุ้ย"",
    ""author"": ""ศศิภา พูลบูลย์"",
    ""institution"": ""มหาวิทยาลัยศิลปากร"",
    ""year"": 2556,
    ""sources_analyzed"": 13,
    ""total_rule_categories"": 4
  },
  ""categories"": [
    {
      ""id"": ""layout"",
      ""name"": ""การจัดวาง"",
      ""rules"": [
        {
          ""id"": ""L1"",
          ""topic"": ""การพิจารณาลักษณะประโยชน์ใช้สอย"",
          ""rule"": ""วิเคราะห์จำนวนห้อง ห้องว่างที่ไม่ใช้ และความเหมาะสมของพื้นที่"",
          ""data_needed"": ""แปลน"",
          ""positive"": ""ห้องทุกห้องควรมีการใช้งานจริง ไม่มีพื้นที่ว่างเปล่า""
        },
        {
          ""id"": ""L2"",
          ""topic"": ""เส้นทางเดินของชี่ภายในบ้าน"",
          ""rule"": ""ชี่ต้องไหลได้สะดวก ไม่ติดขัด"",
          ""prohibitions"": [
            ""ห้ามวางตำแหน่งประตูหน้าบ้านและหลังบ้านให้ตรงกัน"",
            ""ห้ามวางผังแบบเปิดโล่งทั้งหมด""
          ],
          ""recommendations"": [
"
79,fengshui_rules_1.json,982,"เอกสาร: fengshui_rules_1.json

""prohibitions"": [
            ""ห้ามวางตำแหน่งประตูหน้าบ้านและหลังบ้านให้ตรงกัน"",
            ""ห้ามวางผังแบบเปิดโล่งทั้งหมด""
          ],
          ""recommendations"": [
            ""ต้องมีประตูหลังบ้านเสมอ"",
            ""เส้นทางรูปทรงตัวแอลเหมาะกับบ้านขนาดเล็ก บ้านชั้นเดียว ทาวน์เฮ้าส์ คอนโด""
          ],
          ""data_needed"": ""แปลน""
        },
        {
          ""id"": ""L3"",
          ""topic"": ""ทิศทางธรรมชาติ"",
          ""rule"": ""จัดวางห้องสำคัญในทิศที่ดี"",
          ""good_directions"": [
            ""ตะวันออก"",
            ""ตะวันออกเฉียงใต้"",
            ""ใต้"",
            ""ตะวันตกเฉียงใต้""
          ],
          ""bad_directions"": [
            ""เหนือ"",
            ""ตะวันออกเฉียงเหนือ"",
            ""ตะวันตก"",
            ""ตะวันตกเฉียงเหนือ""
          ],
          ""reason"": ""ทิศดีรับแสงแดดพอเหมาะ ทิศไม่ดีได้รับแสงแดดมากเกินไปหรือน้อยเกินไป"",
          ""data_needed"": ""แปลน + สภาพแวดล้อมโดยรอบ""
        },
        {
          ""id"": ""L4"",
"
80,fengshui_rules_1.json,1007,"เอกสาร: fengshui_rules_1.json

],
          ""reason"": ""ทิศดีรับแสงแดดพอเหมาะ ทิศไม่ดีได้รับแสงแดดมากเกินไปหรือน้อยเกินไป"",
          ""data_needed"": ""แปลน + สภาพแวดล้อมโดยรอบ""
        },
        {
          ""id"": ""L4"",
          ""topic"": ""ห้องสำคัญที่สุด 3 ห้อง"",
          ""rule"": ""ทางเข้าด้านหน้า, ห้องนอนใหญ่, และห้องครัว คือพื้นที่สำคัญที่สุด ต้องวิเคราะห์ก่อน"",
          ""reasons"": {
            ""ทางเข้า"": ""ความประทับใจแรก, ทางเปิดรับชี่"",
            ""ห้องนอน"": ""ใช้เวลาอยู่ถึง 1/3 ของชีวิต"",
            ""ห้องครัว"": ""แทนวิธีทำมาหากิน การหาเงิน""
          },
          ""data_needed"": ""แปลน""
        },
        {
          ""id"": ""L5"",
          ""topic"": ""หลักเสือขาว-มังกรเขียว"",
          ""rule"": ""ด้านซ้ายมือเมื่อหันหน้าออกจากบ้าน = มังกรเขียว (ด้านเคลื่อนไหว), ด้านขวา = เสือขาว (ด้านสงบ)"",
          ""recommendations"": [
            ""ด้านมังกรเขียว (ซ้าย): โรงจอดรถ โรงเลี้ยงสัตว์ สวนน้ำ ต้นไม้ใบพริ้วไหว"",
            ""ด้านเสือขาว (ขวา): สิ่งปลูกสร้างหนาแน่น สวนหิน ต้นไม้พุ่มเตี้ย""
          ],
"
81,fengshui_rules_1.json,1005,"เอกสาร: fengshui_rules_1.json

""ด้านมังกรเขียว (ซ้าย): โรงจอดรถ โรงเลี้ยงสัตว์ สวนน้ำ ต้นไม้ใบพริ้วไหว"",
            ""ด้านเสือขาว (ขวา): สิ่งปลูกสร้างหนาแน่น สวนหิน ต้นไม้พุ่มเตี้ย""
          ],
          ""data_needed"": ""แปลน""
        },
        {
          ""id"": ""L6"",
          ""topic"": ""ทิศดาว 9 ยุค"",
          ""rule"": ""ทิศมงคลในแต่ละยุคแตกต่างกัน ยุคปัจจุบัน (ยุค 8: พ.ศ.2547-2566) ทิศดี = ตะวันออกเฉียงเหนือ, ยุค 9 (พ.ศ.2567-2586) ทิศดี = ใต้"",
          ""era_table"": [
            {
              ""era"": 1,
              ""years"": ""2427-2446"",
              ""lucky_direction"": ""เหนือ""
            },
            {
              ""era"": 2,
              ""years"": ""2447-2466"",
              ""lucky_direction"": ""ตะวันตกเฉียงใต้""
            },
            {
              ""era"": 3,
              ""years"": ""2477-2486"",
              ""lucky_direction"": ""ตะวันออก""
            },
            {
              ""era"": 4,
              ""years"": ""2487-2506"",
              ""lucky_direction"": ""ตะวันออกเฉียงใต้""
"
82,fengshui_rules_1.json,981,"เอกสาร: fengshui_rules_1.json

""lucky_direction"": ""ตะวันออก""
            },
            {
              ""era"": 4,
              ""years"": ""2487-2506"",
              ""lucky_direction"": ""ตะวันออกเฉียงใต้""
            },
            {
              ""era"": 5,
              ""years"": ""-"",
              ""lucky_direction"": ""กลาง""
            },
            {
              ""era"": 6,
              ""years"": ""2507-2526"",
              ""lucky_direction"": ""ตะวันตกเฉียงเหนือ""
            },
            {
              ""era"": 7,
              ""years"": ""2527-2546"",
              ""lucky_direction"": ""ตะวันตก""
            },
            {
              ""era"": 8,
              ""years"": ""2547-2566"",
              ""lucky_direction"": ""ตะวันออกเฉียงเหนือ""
            },
            {
              ""era"": 9,
              ""years"": ""2567-2586"",
              ""lucky_direction"": ""ใต้""
            }
          ],
          ""data_needed"": ""แปลน + ตารางดาว""
        },
        {
          ""id"": ""L7"",
"
83,fengshui_rules_1.json,1006,"เอกสาร: fengshui_rules_1.json

""years"": ""2567-2586"",
              ""lucky_direction"": ""ใต้""
            }
          ],
          ""data_needed"": ""แปลน + ตารางดาว""
        },
        {
          ""id"": ""L7"",
          ""topic"": ""ทิศสมพงษ์กับดวงชะตา (ปีเกิด)"",
          ""rule"": ""นำปีเกิดเจ้าของบ้านมาหาทิศดีและทิศพิฆาต"",
          ""zodiac_table"": [
            {
              ""zodiac"": ""ชวด"",
              ""element"": ""น้ำ"",
              ""good"": [
                ""เหนือ"",
                ""ตะวันตก""
              ],
              ""bad"": ""ทิศเฉียง""
            },
            {
              ""zodiac"": ""ฉลู"",
              ""element"": ""ดิน"",
              ""good"": [
                ""ใต้"",
                ""ทิศเฉียง""
              ],
              ""bad"": ""ตะวันออก""
            },
            {
              ""zodiac"": ""ขาล"",
              ""element"": ""ไม้"",
              ""good"": [
                ""เหนือ"",
                ""ตะวันออก""
              ],
              ""bad"": ""ตะวันตก""
            },
            {
"
84,fengshui_rules_1.json,1015,"เอกสาร: fengshui_rules_1.json

""element"": ""ไม้"",
              ""good"": [
                ""เหนือ"",
                ""ตะวันออก""
              ],
              ""bad"": ""ตะวันตก""
            },
            {
              ""zodiac"": ""เถาะ"",
              ""element"": ""ไม้"",
              ""good"": [
                ""ใต้ (ทิศเฉียง)"",
                ""ตะวันออก""
              ],
              ""bad"": ""ตะวันตก""
            },
            {
              ""zodiac"": ""มะโรง"",
              ""element"": ""ดิน"",
              ""good"": [
                ""ใต้"",
                ""ทิศเฉียง""
              ],
              ""bad"": ""ตะวันออก""
            },
            {
              ""zodiac"": ""มะเส็ง"",
              ""element"": ""ไฟ"",
              ""good"": [
                ""ตะวันออก"",
                ""ใต้""
              ],
              ""bad"": ""เหนือ""
            },
            {
              ""zodiac"": ""มะเมีย"",
              ""element"": ""ไฟ"",
              ""good"": [
                ""ใต้"",
                ""ทิศเฉียง""
              ],
"
85,fengshui_rules_1.json,1016,"เอกสาร: fengshui_rules_1.json

},
            {
              ""zodiac"": ""มะเมีย"",
              ""element"": ""ไฟ"",
              ""good"": [
                ""ใต้"",
                ""ทิศเฉียง""
              ],
              ""bad"": ""เหนือ""
            },
            {
              ""zodiac"": ""มะแม"",
              ""element"": ""ดิน"",
              ""good"": [
                ""ใต้"",
                ""ทิศเฉียง""
              ],
              ""bad"": ""ตะวันออก""
            },
            {
              ""zodiac"": ""วอก"",
              ""element"": ""ทอง"",
              ""good"": [
                ""ทิศเฉียง"",
                ""ตะวันตก""
              ],
              ""bad"": ""ใต้""
            },
            {
              ""zodiac"": ""ระกา"",
              ""element"": ""ทอง"",
              ""good"": [
                ""ทิศเฉียง"",
                ""ตะวันตก""
              ],
              ""bad"": ""ใต้""
            },
            {
              ""zodiac"": ""จอ"",
              ""element"": ""ดิน"",
              ""good"": [
                ""ใต้"",
"
86,fengshui_rules_1.json,1003,"เอกสาร: fengshui_rules_1.json

],
              ""bad"": ""ใต้""
            },
            {
              ""zodiac"": ""จอ"",
              ""element"": ""ดิน"",
              ""good"": [
                ""ใต้"",
                ""ทิศเฉียง""
              ],
              ""bad"": ""ตะวันออก""
            },
            {
              ""zodiac"": ""กุน"",
              ""element"": ""น้ำ"",
              ""good"": [
                ""เหนือ"",
                ""ตะวันตก""
              ],
              ""bad"": ""ทิศเฉียง""
            }
          ],
          ""data_needed"": ""แปลน + ปีเกิดเจ้าของบ้าน""
        },
        {
          ""id"": ""L8"",
          ""topic"": ""ยันต์ปากัว - ตำแหน่งห้องตามสมาชิกในครอบครัว"",
          ""rule"": ""จัดวางห้องตามทิศในยันต์ปากัวแปดเหลี่ยม"",
          ""bagua_mapping"": [
            {
              ""direction"": ""ตะวันตกเฉียงเหนือ"",
              ""represents"": ""พ่อ"",
              ""suitable_rooms"": [
                ""ห้องนอนใหญ่"",
                ""ห้องทำงาน""
              ]
            },
            {
"
87,fengshui_rules_1.json,1011,"เอกสาร: fengshui_rules_1.json

""represents"": ""พ่อ"",
              ""suitable_rooms"": [
                ""ห้องนอนใหญ่"",
                ""ห้องทำงาน""
              ]
            },
            {
              ""direction"": ""ตะวันตกเฉียงใต้"",
              ""represents"": ""แม่"",
              ""suitable_rooms"": [
                ""ห้องครัว"",
                ""ห้องสำหรับผู้หญิง""
              ]
            },
            {
              ""direction"": ""ตะวันออก"",
              ""represents"": ""ลูกชายคนโต"",
              ""suitable_rooms"": [
                ""ห้องนอนลูกชายคนโต""
              ]
            },
            {
              ""direction"": ""ตะวันออกเฉียงใต้"",
              ""represents"": ""ลูกสาวคนโต"",
              ""suitable_rooms"": [
                ""ห้องนอนลูกสาวคนโต""
              ]
            },
            {
              ""direction"": ""เหนือ"",
              ""represents"": ""ลูกชายคนกลาง"",
              ""suitable_rooms"": [
                ""ห้องนอนลูกชายคนกลาง"",
                ""ห้องทำงาน""
              ]
"
88,fengshui_rules_1.json,978,"เอกสาร: fengshui_rules_1.json

""direction"": ""เหนือ"",
              ""represents"": ""ลูกชายคนกลาง"",
              ""suitable_rooms"": [
                ""ห้องนอนลูกชายคนกลาง"",
                ""ห้องทำงาน""
              ]
            },
            {
              ""direction"": ""ใต้"",
              ""represents"": ""ลูกสาวคนกลาง"",
              ""suitable_rooms"": [
                ""ห้องนอนลูกสาวคนกลาง"",
                ""ห้องรับแขก""
              ]
            },
            {
              ""direction"": ""ตะวันออกเฉียงเหนือ"",
              ""represents"": ""ลูกชายคนเล็ก"",
              ""suitable_rooms"": [
                ""ห้องนอนลูกชายคนเล็ก""
              ]
            },
            {
              ""direction"": ""ตะวันตก"",
              ""represents"": ""ลูกสาวคนเล็ก"",
              ""suitable_rooms"": [
                ""ห้องรวม"",
                ""ห้องพระ""
              ]
            }
          ],
          ""data_needed"": ""แปลน + ยันต์ปากัว""
        },
        {
          ""id"": ""L9"",
"
89,fengshui_rules_1.json,1011,"เอกสาร: fengshui_rules_1.json

""ห้องรวม"",
                ""ห้องพระ""
              ]
            }
          ],
          ""data_needed"": ""แปลน + ยันต์ปากัว""
        },
        {
          ""id"": ""L9"",
          ""topic"": ""วิถีสถานการณ์ชีวิต 8 ด้าน (Eight Life Situations)"",
          ""rule"": ""แต่ละทิศแทนด้านต่างๆ ของชีวิต"",
          ""life_situation_mapping"": [
            {
              ""direction"": ""ตะวันออกเฉียงใต้"",
              ""represents"": ""ความมั่งคั่ง"",
              ""suitable_rooms"": [
                ""ห้องหนังสือ"",
                ""ห้องทำงาน""
              ]
            },
            {
              ""direction"": ""ใต้"",
              ""represents"": ""ชื่อเสียง"",
              ""suitable_rooms"": [
                ""ห้องหนังสือ"",
                ""ห้องทำงาน""
              ]
            },
            {
              ""direction"": ""ตะวันตกเฉียงใต้"",
              ""represents"": ""ชีวิตสมรส"",
              ""suitable_rooms"": [
                ""ห้องลูกสาว""
              ]
            },
            {
"
90,fengshui_rules_1.json,1004,"เอกสาร: fengshui_rules_1.json

""direction"": ""ตะวันตกเฉียงใต้"",
              ""represents"": ""ชีวิตสมรส"",
              ""suitable_rooms"": [
                ""ห้องลูกสาว""
              ]
            },
            {
              ""direction"": ""ตะวันตก"",
              ""represents"": ""บุตรธิดา"",
              ""suitable_rooms"": [
                ""ห้องลูก""
              ]
            },
            {
              ""direction"": ""ตะวันตกเฉียงเหนือ"",
              ""represents"": ""ที่ปรึกษา/ผู้ช่วยเหลือ"",
              ""suitable_rooms"": [
                ""ห้องลูก""
              ]
            },
            {
              ""direction"": ""เหนือ"",
              ""represents"": ""อาชีพ"",
              ""suitable_rooms"": [
                ""ห้องลูก""
              ]
            },
            {
              ""direction"": ""ตะวันออกเฉียงเหนือ"",
              ""represents"": ""ความรู้"",
              ""suitable_rooms"": [
                ""ห้องหนังสือ"",
                ""ห้องลูก""
              ]
            },
            {
"
91,fengshui_rules_1.json,1009,"เอกสาร: fengshui_rules_1.json

""represents"": ""ความรู้"",
              ""suitable_rooms"": [
                ""ห้องหนังสือ"",
                ""ห้องลูก""
              ]
            },
            {
              ""direction"": ""ตะวันออก"",
              ""represents"": ""ครอบครัว"",
              ""suitable_rooms"": [
                ""ห้องนอนใหญ่""
              ]
            }
          ],
          ""data_needed"": ""แปลน + ยันต์ปากัว""
        },
        {
          ""id"": ""L10"",
          ""topic"": ""ปากัว-หลอซู (Kua Number)"",
          ""rule"": ""ใช้ปีเกิดคำนวณเลขกัว ได้ทิศดี 4 ทิศ และทิศไม่ดี 4 ทิศ"",
          ""kua_calculation"": {
            ""male"": ""บวกทุกหลักปีเกิดจนได้เลขหลักเดียว แล้วนำไปลบออกจาก 11"",
            ""female"": ""บวกทุกหลักปีเกิดจนได้เลขหลักเดียว แล้วบวก 4 (ถ้าได้ 2 หลัก ให้บวกกันจนเหลือหลักเดียว)"",
            ""special_rule"": ""ถ้ากัวบุคคล = 5 ผู้ชายให้ใช้กัว 2, ผู้หญิงให้ใช้กัว 8""
          },
          ""lucky_directions"": {
            ""sheng_chi"": ""เชิงชี่ - ความกรุณา การเงิน อำนาจ ชื่อเสียง"",
"
92,fengshui_rules_1.json,1018,"เอกสาร: fengshui_rules_1.json

},
          ""lucky_directions"": {
            ""sheng_chi"": ""เชิงชี่ - ความกรุณา การเงิน อำนาจ ชื่อเสียง"",
            ""tien_yi"": ""เทียนอี - สุขภาพ การเกื้อหนุน"",
            ""nien_ye"": ""เหยียน - ความสัมพันธ์ การติดต่อสื่อสาร"",
            ""fu_wei"": ""ฝู่เว่ย - ความสงบ""
          },
          ""unlucky_directions"": {
            ""ho_hai"": ""ฮั่วไฮ่ - การทะเลาะวิวาท"",
            ""wu_kwei"": ""อู่กุ้ย - ความหายนะ เคราะห์ร้าย"",
            ""lui_sha"": ""ลิ่วซา - ปัญหาคดีความ"",
            ""chueh_ming"": ""เจวิ๋ยมิ่ง - ปัญหาสุขภาพ""
          },
          ""furniture_placement"": {
            ""lucky_positions"": [
              ""เตียงนอน"",
              ""โต๊ะทำงาน"",
              ""โต๊ะอาหาร"",
              ""ชุดรับแขก""
            ],
            ""unlucky_positions"": [
              ""โถส้วม"",
              ""เตาไฟ""
            ]
          },
          ""data_needed"": ""แปลน + ปีเกิด + เพศ""
        }
      ]
    },
    {
      ""id"": ""shape"",
      ""name"": ""รูปร่าง"",
      ""rules"": [
        {
"
93,fengshui_rules_1.json,1001,"เอกสาร: fengshui_rules_1.json

""เตาไฟ""
            ]
          },
          ""data_needed"": ""แปลน + ปีเกิด + เพศ""
        }
      ]
    },
    {
      ""id"": ""shape"",
      ""name"": ""รูปร่าง"",
      ""rules"": [
        {
          ""id"": ""S1"",
          ""topic"": ""รูปทรงภายในตัวบ้าน"",
          ""good_shapes"": [
            ""สี่เหลี่ยมผืนผ้า"",
            ""สี่เหลี่ยมจัตุรัส""
          ],
          ""acceptable_shapes"": [
            ""วงกลม (แต่ยากต่อการตกแต่ง)"",
            ""แปดเหลี่ยม (ไม่แนะนำ)""
          ],
          ""forbidden_shapes"": [
            ""กากบาท"",
            ""สามเหลี่ยม""
          ],
          ""incomplete_shapes"": ""รูปครึ่งวงกลม ตัวแอล ตัวที ตัวยู ถือว่าไม่สมบูรณ์"",
          ""note_on_forbidden"": ""รูปสามเหลี่ยมแทนธาตุไฟ เผาผลาญโชคลาภ, รูปกากบาทหมายถึงปัญหาที่แก้ไขไม่ตก""
        },
        {
          ""id"": ""S2"",
          ""topic"": ""รูปทรงภายในห้อง"",
          ""good_shapes"": [
            ""สี่เหลี่ยมจัตุรัส"",
            ""สี่เหลี่ยมผืนผ้า""
          ],
          ""bad_shapes"": [
"
94,fengshui_rules_1.json,995,"เอกสาร: fengshui_rules_1.json

{
          ""id"": ""S2"",
          ""topic"": ""รูปทรงภายในห้อง"",
          ""good_shapes"": [
            ""สี่เหลี่ยมจัตุรัส"",
            ""สี่เหลี่ยมผืนผ้า""
          ],
          ""bad_shapes"": [
            ""สามเหลี่ยม"",
            ""ตัวแอล""
          ],
          ""note"": ""ห้องนอนทรงกลมทำให้ผู้นอนมีความดันโลหิตสูง นอนไม่หลับ""
        },
        {
          ""id"": ""S3"",
          ""topic"": ""สัดส่วนกว้าง-ยาวของตัวบ้าน"",
          ""good_ratio"": ""บ้านเจ้าสัว: สี่เหลี่ยมผืนผ้าที่ลึก อัตราส่วน 1:3 หรือ 1:4 (หน้ากว้าง:ความลึก)"",
          ""bad_ratio"": ""บ้านจับกัง: กว้างกว่ายาว อัตราส่วน 3:1 ขึ้นไป ยิ่งอยู่ยิ่งจน""
        },
        {
          ""id"": ""S4"",
          ""topic"": ""ความสูงของบ้าน 2 ชั้น"",
          ""rule"": ""ชั้นบนไม่ควรสูงกว่าชั้นล่าง ควรมีความสูงเท่ากัน"",
          ""reason"": ""ชั้นล่างแทนพ่อแม่ ชั้นบนแทนลูก ถ้าชั้นบนสูงกว่าแสดงว่าลูกไม่เคารพพ่อแม่"",
          ""standard_height"": ""ไม่ต่ำกว่า 2.40 เมตร""
        }
      ]
    },
    {
      ""id"": ""rooms"",
"
95,fengshui_rules_1.json,969,"เอกสาร: fengshui_rules_1.json

""reason"": ""ชั้นล่างแทนพ่อแม่ ชั้นบนแทนลูก ถ้าชั้นบนสูงกว่าแสดงว่าลูกไม่เคารพพ่อแม่"",
          ""standard_height"": ""ไม่ต่ำกว่า 2.40 เมตร""
        }
      ]
    },
    {
      ""id"": ""rooms"",
      ""name"": ""ห้องต่างๆ และการจัดวางเครื่องเรือน"",
      ""sections"": {
        ""parking"": {
          ""name"": ""ที่จอดรถ"",
          ""rules"": [
            ""ที่จอดรถควรแยกจากตัวบ้าน (ควันไอเสียอันตรายต่อสุขภาพ)"",
            ""ที่จอดรถรูปตัวแอลหากอยู่ด้านซ้ายของบ้านถือว่าพอใช้ได้ (ตำแหน่งมังกรเขียว)"",
            ""ที่จอดรถไม่ควรบังทางเข้าหลัก"",
            ""ห้องที่ตรงกับโรงรถไม่ควรเป็นห้องนอน""
          ]
        },
        ""entrance"": {
          ""name"": ""โถงทางเข้า / ระเบียงหน้าบ้าน"",
          ""rules"": [
            ""ระเบียงกว้างขวาง มีราวกั้น มีหลังคาและเสาค้ำหลังคา เป็นมงคล"",
            ""ระเบียงหน้าบ้านควรกว้างไม่เกิน 1.9 เมตร (กว้างกว่านี้ทำให้เสียเครดิต)"",
            ""ทางเดินเข้าสู่ประตูบ้านควรโค้งเล็กน้อย (ทางตรงเหมือนลูกศรพิษ)"",
"
96,fengshui_rules_1.json,993,"เอกสาร: fengshui_rules_1.json

""ระเบียงหน้าบ้านควรกว้างไม่เกิน 1.9 เมตร (กว้างกว่านี้ทำให้เสียเครดิต)"",
            ""ทางเดินเข้าสู่ประตูบ้านควรโค้งเล็กน้อย (ทางตรงเหมือนลูกศรพิษ)"",
            ""ประตูใหญ่ควรเปิดไปสู่บริเวณกว้าง ไม่ให้แคบหรือมืด"",
            ""ห้ามให้โถงทางเข้ากับประตูใหญ่เป็นแนวเดียวกัน"",
            ""ห้ามวางโถงไว้กลางบ้าน ควรอยู่ด้านหน้า""
          ]
        },
        ""bedroom"": {
          ""name"": ""ห้องนอน"",
          ""placement_rules"": [
            ""ห้องนอนควรอยู่ในมุมสงบ หลังบ้าน ห่างจากทางเข้าและถนน"",
            ""วางตำแหน่งห้องนอนเจ้าบ้านที่มุมบ้าน (ไม่ใช่ตรงกลางด้านใดด้านหนึ่ง)"",
            ""ห้องนอนใหญ่ห้ามอยู่ทางทิศตะวันตก (ทิศเสือขาว รับแสงบ่ายร้อนเกินไป)"",
            ""พื้นที่ทิศตะวันตกเฉียงใต้เป็นตำแหน่งห้องนอนที่ดีตามหลักปากัว"",
            ""ห้องนอนชั้นบนต้องไม่ตรงกับห้องน้ำชั้นล่าง""
          ],
          ""bed_placement_rules"": [
            ""เตียงนอนห้ามตรงกับประตู"",
            ""เตียงนอนห้ามตรงกับหน้าต่าง"",
            ""เตียงนอนห้ามตรงกับทีวี"",
"
97,fengshui_rules_1.json,969,"เอกสาร: fengshui_rules_1.json

],
          ""bed_placement_rules"": [
            ""เตียงนอนห้ามตรงกับประตู"",
            ""เตียงนอนห้ามตรงกับหน้าต่าง"",
            ""เตียงนอนห้ามตรงกับทีวี"",
            ""เตียงนอนห้ามตรงกับแอร์"",
            ""ห้ามวางเตียงไว้ใต้คาน (ฝุ่นร่วงลงมาเป็นอันตรายต่อสุขภาพ)"",
            ""หัวนอนควรอยู่ในทิศที่เป็นมงคลตามกัวบุคคล""
          ],
          ""mirror_rules"": [
            ""ระวังการใช้กระจกในห้องนอน ไม่ควรสะท้อนเตียงนอนโดยตรง""
          ]
        },
        ""kitchen"": {
          ""name"": ""ห้องครัว"",
          ""placement_rules"": [
            ""ห้องครัวควรอยู่ทิศตะวันตกเฉียงใต้ตามหลักปากัว (ทิศแม่)"",
            ""ห้องครัวไม่ควรอยู่ใกล้ประตูหน้าบ้าน""
          ],
          ""stove_rules"": [
            ""เตาไฟห้ามตรงกับประตู"",
            ""เตาไฟห้ามตรงกับหน้าต่าง"",
            ""เตาไฟเป็นอัปมงคล ควรอยู่ในทิศที่ไม่ดีตามกัวบุคคล""
          ]
        },
        ""bathroom"": {
          ""name"": ""ห้องน้ำ"",
          ""placement_rules"": [
"
98,fengshui_rules_1.json,1019,"เอกสาร: fengshui_rules_1.json

""เตาไฟเป็นอัปมงคล ควรอยู่ในทิศที่ไม่ดีตามกัวบุคคล""
          ]
        },
        ""bathroom"": {
          ""name"": ""ห้องน้ำ"",
          ""placement_rules"": [
            ""ห้องน้ำต้องไม่อยู่ภายในห้องนอน (ต้องมีห้องแต่งตัวคั่นกลาง)"",
            ""ห้องน้ำชั้นบนต้องไม่ตรงกับห้องนอนชั้นล่าง"",
            ""ประตูห้องน้ำต้องไม่หันตรงมาในทิศสำคัญ""
          ],
          ""toilet_rules"": [
            ""โถส้วมห้ามตรงกับประตู"",
            ""โถส้วมเป็นอัปมงคล ควรอยู่ในทิศที่ไม่ดีตามกัวบุคคล""
          ]
        },
        ""living_room"": {
          ""name"": ""ห้องรับแขก / ห้องนั่งเล่น"",
          ""rules"": [
            ""ห้องรับแขกควรอยู่ด้านหน้าบ้าน"",
            ""ทิศใต้ตามหลักปากัวเหมาะเป็นห้องรับแขก""
          ]
        },
        ""dining_room"": {
          ""name"": ""ห้องรับประทานอาหาร"",
          ""rules"": [
            ""โต๊ะอาหารเป็นเครื่องเรือนมงคล ควรอยู่ในทิศดีตามกัวบุคคล""
          ]
        },
        ""study_office"": {
          ""name"": ""ห้องทำงาน / ห้องหนังสือ"",
          ""rules"": [
"
99,fengshui_rules_1.json,998,"เอกสาร: fengshui_rules_1.json

""โต๊ะอาหารเป็นเครื่องเรือนมงคล ควรอยู่ในทิศดีตามกัวบุคคล""
          ]
        },
        ""study_office"": {
          ""name"": ""ห้องทำงาน / ห้องหนังสือ"",
          ""rules"": [
            ""ทิศตะวันออกเฉียงใต้เหมาะสำหรับห้องทำงาน (ทิศความมั่งคั่ง)"",
            ""ทิศใต้เหมาะสำหรับห้องทำงาน (ทิศชื่อเสียง)"",
            ""ทิศตะวันตกเฉียงเหนือเหมาะสำหรับหัวหน้าครอบครัว"",
            ""โต๊ะทำงานเป็นเครื่องเรือนมงคล ควรอยู่ในทิศดีตามกัวบุคคล""
          ]
        },
        ""shrine"": {
          ""name"": ""ห้องพระ / ที่ตั้งสิ่งศักดิ์สิทธิ์"",
          ""rules"": [
            ""ทิศตะวันตกตามหลักปากัวเหมาะสำหรับห้องพระหรือที่ตั้งสิ่งศักดิ์สิทธิ์""
          ]
        }
      }
    },
    {
      ""id"": ""structural"",
      ""name"": ""องค์ประกอบโครงสร้างของบ้าน"",
      ""rules"": [
        {
          ""id"": ""ST1"",
          ""topic"": ""ประตูหน้าบ้าน"",
          ""rules"": [
            ""ประตูหลักควรเปิดเข้าในตัวบ้าน"",
            ""ประตูหลักเป็นบานเปิดคู่ ขนาดบานละ 1.07 x 2.10 เมตร"",
"
100,fengshui_rules_1.json,987,"เอกสาร: fengshui_rules_1.json

""id"": ""ST1"",
          ""topic"": ""ประตูหน้าบ้าน"",
          ""rules"": [
            ""ประตูหลักควรเปิดเข้าในตัวบ้าน"",
            ""ประตูหลักเป็นบานเปิดคู่ ขนาดบานละ 1.07 x 2.10 เมตร"",
            ""ประตูภายในห้องทุกห้องเป็นประตูบานเดียว ขนาด 0.89 x 2.10 เมตร"",
            ""ทิศทางการเปิดประตูต้องเปิดให้ทรัพย์สินไหลเข้า"",
            ""ห้ามให้ประตูหน้าและหลังบ้านตรงกัน""
          ]
        },
        {
          ""id"": ""ST2"",
          ""topic"": ""ทางเดินภายในบ้าน"",
          ""rules"": [
            ""ทางเดินควรโค้งเล็กน้อย ไม่ตรงยาว"",
            ""ทางเดินรูปตัวแอลเหมาะกับบ้านขนาดเล็ก""
          ]
        },
        {
          ""id"": ""ST3"",
          ""topic"": ""บันได"",
          ""rules"": [
            ""บันไดไม่ควรอยู่ตรงกลางบ้านตรงกับประตู"",
            ""บันไดควรอยู่ด้านข้างของบ้าน""
          ]
        },
        {
          ""id"": ""ST4"",
          ""topic"": ""คาน"",
          ""rules"": [
            ""ห้ามวางเตียงนอนใต้คาน"",
            ""ห้ามนั่งทำงานใต้คาน"",
"
101,fengshui_rules_1.json,1017,"เอกสาร: fengshui_rules_1.json

]
        },
        {
          ""id"": ""ST4"",
          ""topic"": ""คาน"",
          ""rules"": [
            ""ห้ามวางเตียงนอนใต้คาน"",
            ""ห้ามนั่งทำงานใต้คาน"",
            ""คานที่กดทับลงมาตรงหัวเป็นอัปมงคล""
          ]
        },
        {
          ""id"": ""ST5"",
          ""topic"": ""เสาและมุม"",
          ""rules"": [
            ""เสาเหลี่ยมที่มีมุมแหลมชี้มาหาพื้นที่พักอาศัยเป็นอัปมงคล"",
            ""ควรปิดมุมแหลมด้วยต้นไม้หรือของตกแต่ง""
          ]
        },
        {
          ""id"": ""ST6"",
          ""topic"": ""พื้นระดับ"",
          ""rules"": [
            ""ระดับพื้นควรแตกต่างกัน 3 ระดับ: ทางเดินรอบบ้าน (+0.10m), ระเบียงนอก/ห้องน้ำ/ครัว (+0.20m), พื้นทั่วไปในบ้าน (+0.30m)""
          ]
        },
        {
          ""id"": ""ST7"",
          ""topic"": ""ห้ามตรงกัน"",
          ""forbidden_alignments"": [
            ""เตียงนอน-ประตู"",
            ""เตียงนอน-หน้าต่าง"",
            ""เตียงนอน-ทีวี"",
            ""เตียงนอน-แอร์"",
            ""เตาไฟ-ประตู"",
            ""เตาไฟ-หน้าต่าง"",
"
102,fengshui_rules_1.json,1011,"เอกสาร: fengshui_rules_1.json

""เตียงนอน-ประตู"",
            ""เตียงนอน-หน้าต่าง"",
            ""เตียงนอน-ทีวี"",
            ""เตียงนอน-แอร์"",
            ""เตาไฟ-ประตู"",
            ""เตาไฟ-หน้าต่าง"",
            ""โถส้วม-ประตู"",
            ""ประตู-หน้าต่าง"",
            ""ประตู-ประตู (ในห้องต่างๆ ที่ตรงแนวกัน)""
          ]
        },
        {
          ""id"": ""ST8"",
          ""topic"": ""ห้องตรงกันในแนวดิ่ง (บ้าน 2 ชั้น)"",
          ""forbidden_vertical_alignments"": [
            ""ห้องน้ำชั้นบน - ห้องนอนชั้นล่าง"",
            ""ห้องน้ำชั้นบน - ห้องครัวชั้นล่าง"",
            ""ห้องน้ำชั้นบน - ห้องรับแขกชั้นล่าง""
          ]
        }
      ]
    }
  ],
  ""rag_quick_reference"": {
    ""room_placement"": {
      ""ห้องนอนใหญ่"": [
        ""มุมบ้าน"",
        ""ทิศตะวันออก (มังกรเขียว)"",
        ""ไม่ใช่ทิศตะวันตก""
      ],
      ""ห้องครัว"": [
        ""ทิศตะวันตกเฉียงใต้"",
        ""แยกจากห้องนอน""
      ],
      ""ห้องน้ำ"": [
        ""ไม่ใกล้ประตูหลัก"",
        ""ไม่ตรงกับห้องนอนชั้นล่าง""
      ],
      ""ห้องรับแขก"": [
"
103,fengshui_rules_1.json,823,"เอกสาร: fengshui_rules_1.json

""ห้องครัว"": [
        ""ทิศตะวันตกเฉียงใต้"",
        ""แยกจากห้องนอน""
      ],
      ""ห้องน้ำ"": [
        ""ไม่ใกล้ประตูหลัก"",
        ""ไม่ตรงกับห้องนอนชั้นล่าง""
      ],
      ""ห้องรับแขก"": [
        ""ด้านหน้าบ้าน"",
        ""ทิศใต้ (ตามปากัว)""
      ],
      ""ห้องทำงาน"": [
        ""ทิศตะวันออกเฉียงใต้ (ความมั่งคั่ง)"",
        ""ทิศใต้ (ชื่อเสียง)""
      ],
      ""ห้องพระ"": [
        ""ทิศตะวันตก (ตามปากัว)""
      ]
    },
    ""furniture_prohibitions"": [
      ""เตียงไม่ตรงกับประตู, หน้าต่าง, ทีวี, แอร์"",
      ""เตาไฟไม่ตรงกับประตู, หน้าต่าง"",
      ""โถส้วมไม่ตรงกับประตู"",
      ""ไม่วางเตียงใต้คาน""
    ],
    ""shape_rules"": {
      ""best"": ""สี่เหลี่ยมผืนผ้า (อัตราส่วน 1:3 หรือ 1:4), สี่เหลี่ยมจัตุรัส"",
      ""avoid"": ""สามเหลี่ยม, กากบาท, รูปไม่สมบูรณ์ (ตัวแอล, ตัวที, ตัวยู)""
    }
  }
}
"
104,conflict_rules_10.csv,179,"เอกสาร: conflict_rules_10.csv

rule_id: 1
rule_th: เตียงห้ามตรงกับประตู
rule_en: Bed must not face door
category: bed_placement
furniture_involved: bed,door
check_type: alignment
"
105,conflict_rules_10.csv,186,"เอกสาร: conflict_rules_10.csv

rule_id: 2
rule_th: เตียงห้ามตรงกับหน้าต่าง
rule_en: Bed must not face window
category: bed_placement
furniture_involved: bed,window
check_type: alignment
"
106,conflict_rules_10.csv,200,"เอกสาร: conflict_rules_10.csv

rule_id: 3
rule_th: เตียงห้ามตรงกับทีวีหรือกระจก
rule_en: Bed must not face TV or mirror
category: bed_placement
furniture_involved: bed,tv,mirror
check_type: alignment
"
107,conflict_rules_10.csv,190,"เอกสาร: conflict_rules_10.csv

rule_id: 4
rule_th: เตียงห้ามตรงกับแอร์
rule_en: Bed must not be under AC
category: bed_placement
furniture_involved: bed,air_conditioner
check_type: position
"
108,conflict_rules_10.csv,179,"เอกสาร: conflict_rules_10.csv

rule_id: 5
rule_th: ห้ามวางเตียงไว้กลางห้อง
rule_en: Bed must not be in center
category: bed_placement
furniture_involved: bed
check_type: position
"
109,conflict_rules_10.csv,186,"เอกสาร: conflict_rules_10.csv

rule_id: 6
rule_th: ประตูห้ามตรงกับหน้าต่าง
rule_en: Door must not face window
category: room_layout
furniture_involved: door,window
check_type: alignment
"
110,conflict_rules_10.csv,200,"เอกสาร: conflict_rules_10.csv

rule_id: 7
rule_th: ห้ามตู้ติดผนังอยู่ที่หัวเตียง
rule_en: No cabinet above headboard
category: furniture_placement
furniture_involved: cabinet,bed
check_type: position
"
111,conflict_rules_10.csv,216,"เอกสาร: conflict_rules_10.csv

rule_id: 8
rule_th: ห้ามเฟอร์นิเจอร์ใหญ่วางชิดเตียง
rule_en: No large furniture close to bed
category: furniture_placement
furniture_involved: large_furniture,bed
check_type: proximity
"
112,conflict_rules_10.csv,226,"เอกสาร: conflict_rules_10.csv

rule_id: 9
rule_th: โต๊ะทำงานต้องหันไปทางประตูและห้ามหันตรงกับหน้าต่าง
rule_en: Desk must face door, not window
category: room_layout
furniture_involved: desk,door,window
check_type: orientation
"
113,conflict_rules_10.csv,204,"เอกสาร: conflict_rules_10.csv

rule_id: 10
rule_th: หัวเตียงหันทิศมงคลตามเลขกัว
rule_en: Headboard faces auspicious direction per Gua
category: gua_direction
furniture_involved: bed
check_type: direction
"
114,gua_directions.csv,143,"เอกสาร: gua_directions.csv

kua: 1
group: East
sheng_chi: SE
tien_yi: E
nien_yen: S
fu_wei: N
ho_hai: W
wu_kwei: NE
liu_sha: NW
chueh_ming: SW
"
115,gua_directions.csv,143,"เอกสาร: gua_directions.csv

kua: 2
group: West
sheng_chi: NE
tien_yi: W
nien_yen: NW
fu_wei: SW
ho_hai: E
wu_kwei: SE
liu_sha: S
chueh_ming: N
"
116,gua_directions.csv,143,"เอกสาร: gua_directions.csv

kua: 3
group: East
sheng_chi: S
tien_yi: N
nien_yen: SE
fu_wei: E
ho_hai: SW
wu_kwei: NW
liu_sha: NE
chueh_ming: W
"
117,gua_directions.csv,143,"เอกสาร: gua_directions.csv

kua: 4
group: East
sheng_chi: N
tien_yi: S
nien_yen: E
fu_wei: SE
ho_hai: NW
wu_kwei: SW
liu_sha: W
chueh_ming: NE
"
118,gua_directions.csv,143,"เอกสาร: gua_directions.csv

kua: 6
group: West
sheng_chi: W
tien_yi: NE
nien_yen: SW
fu_wei: NW
ho_hai: SE
wu_kwei: E
liu_sha: N
chueh_ming: S
"
119,gua_directions.csv,143,"เอกสาร: gua_directions.csv

kua: 7
group: West
sheng_chi: NW
tien_yi: SW
nien_yen: NE
fu_wei: W
ho_hai: S
wu_kwei: N
liu_sha: SE
chueh_ming: E
"
120,gua_directions.csv,143,"เอกสาร: gua_directions.csv

kua: 8
group: West
sheng_chi: SW
tien_yi: NW
nien_yen: W
fu_wei: NE
ho_hai: N
wu_kwei: S
liu_sha: E
chueh_ming: SE
"
121,gua_directions.csv,143,"เอกสาร: gua_directions.csv

kua: 9
group: East
sheng_chi: E
tien_yi: SE
nien_yen: N
fu_wei: S
ho_hai: NE
wu_kwei: W
liu_sha: SW
chueh_ming: NW
"
